<?xml version="1.0" encoding="UTF-8" standalone="yes"?>
<addon id="script.module.dreamyam" name="Dragon HQ Common Module" version="1.0.5" provider-name="Dragon">
	<requires>
		<import addon="xbmc.python" version="2.25.0" />
		<import addon="script.module.dateutil"/>
		<import addon="script.module.pyqrcode"/>
	</requires>
	<extension point="xbmc.python.module" library="/" />
	<extension point="xbmc.service" library="service.py" start="login" />
	<extension point="xbmc.addon.metadata">
		<platform>all</platform>
		<summary lang="en_GB">Dragon HQ Common Module</summary>
		<description lang="en_GB">Dragon HQ Common Module</description>
		<summary lang="he_IL">Dragon HQ Common Module</summary>
		<description lang="he_IL">Dragon HQ Common Module</description>		
		<license>GNU GENERAL PUBLIC LICENSE. Version 3, 29 June 2007</license>
		<source></source>
		<forum></forum>
		<news>
		</news>
		<disclaimer lang="en_GB">
Dragon HQ Common Module
		</disclaimer>
	</extension>
</addon>
