<?xml version="1.0" encoding="UTF-8"?>
<addon id="plugin.dragonmovies" name="Dragon HQ" version="1.0.4" provider-name="Dragon">
	<requires>
		<import addon="xbmc.python" version="2.25.0" />
		<import addon="script.module.dragonmovies" version="1.0.0"/>
	</requires>
	<extension point="xbmc.python.pluginsource" library="addon.py">
		<provides>image audio video</provides>
	</extension>
	<extension point="xbmc.service" library="service.py" start="login" />
	<extension point="xbmc.addon.metadata">
		<platform>all</platform>
		<summary lang="en_GB">Dragon TV and Movies</summary>
		<description lang="en_GB">
		Dragon TV and Movies
		</description>
		<summary lang="he_IL">Dragon TV and Movies</summary>
		<description lang="he_IL">
Dragon TV and Movies
		</description>
		<license>GNU GENERAL PUBLIC LICENSE. Version 3, 29 June 2007</license>
		<source></source>
		<forum></forum>
		<website></website>
		<news>

		</news>
		<disclaimer lang="en_GB">
Dragon TV and Movies
		</disclaimer>
	</extension>
</addon>
